-- phpMyAdmin SQL Dump
-- version 4.3.11
-- http://www.phpmyadmin.net
--
-- Servidor: 127.0.0.1
-- Tiempo de generaci칩n: 25-02-2016 a las 14:45:19
-- Versi칩n del servidor: 5.6.24
-- Versi칩n de PHP: 5.6.8

SET SQL_MODE = "NO_AUTO_VALUE_ON_ZERO";
SET time_zone = "+00:00";


/*!40101 SET @OLD_CHARACTER_SET_CLIENT=@@CHARACTER_SET_CLIENT */;
/*!40101 SET @OLD_CHARACTER_SET_RESULTS=@@CHARACTER_SET_RESULTS */;
/*!40101 SET @OLD_COLLATION_CONNECTION=@@COLLATION_CONNECTION */;
/*!40101 SET NAMES utf8 */;

--
-- Base de datos: `miresto`
--
CREATE DATABASE IF NOT EXISTS `miresto` DEFAULT CHARACTER SET latin1 COLLATE latin1_swedish_ci;
USE `miresto`;

-- --------------------------------------------------------

--
-- Estructura de tabla para la tabla `calificaciones`
--

CREATE TABLE IF NOT EXISTS `calificaciones` (
  `id` int(11) NOT NULL,
  `id_mozo` int(10) unsigned NOT NULL,
  `fecha` date NOT NULL,
  `hora` time NOT NULL,
  `calificacion` tinyint(3) unsigned NOT NULL,
  `observaciones` tinytext NOT NULL
) ENGINE=InnoDB DEFAULT CHARSET=latin1;

-- --------------------------------------------------------

--
-- Estructura de tabla para la tabla `cartas`
--

CREATE TABLE IF NOT EXISTS `cartas` (
  `id` int(10) unsigned NOT NULL,
  `id_restriccion_dia` int(10) unsigned NOT NULL,
  `id_restriccion_hora` int(10) unsigned NOT NULL,
  `nombre` tinytext NOT NULL,
  `creador` int(10) unsigned NOT NULL
) ENGINE=InnoDB AUTO_INCREMENT=3 DEFAULT CHARSET=latin1;

--
-- Volcado de datos para la tabla `cartas`
--

INSERT INTO `cartas` (`id`, `id_restriccion_dia`, `id_restriccion_hora`, `nombre`, `creador`) VALUES
(1, 1, 1, 'Carta Default', 1),
(2, 1, 2, 'Carta nueva', 2);

-- --------------------------------------------------------

--
-- Estructura de tabla para la tabla `cuadriculas_base`
--

CREATE TABLE IF NOT EXISTS `cuadriculas_base` (
  `id` int(11) NOT NULL,
  `nombre` tinytext NOT NULL,
  `ancho` tinyint(3) unsigned NOT NULL,
  `largo` tinyint(3) unsigned NOT NULL,
  `pisos` tinyint(3) unsigned NOT NULL,
  `creador` int(10) unsigned NOT NULL
) ENGINE=InnoDB DEFAULT CHARSET=latin1;

-- --------------------------------------------------------

--
-- Estructura de tabla para la tabla `empleados`
--

CREATE TABLE IF NOT EXISTS `empleados` (
  `id` int(10) unsigned NOT NULL,
  `dni` int(10) unsigned NOT NULL,
  `nombre` tinytext NOT NULL,
  `direccion` tinytext NOT NULL,
  `telefono` int(10) unsigned NOT NULL,
  `email` tinytext NOT NULL,
  `cuit` bigint(20) unsigned NOT NULL,
  `password` text NOT NULL
) ENGINE=InnoDB AUTO_INCREMENT=4 DEFAULT CHARSET=latin1;

--
-- Volcado de datos para la tabla `empleados`
--

INSERT INTO `empleados` (`id`, `dni`, `nombre`, `direccion`, `telefono`, `email`, `cuit`, `password`) VALUES
(2, 35795285, 'leo', 'Zapiola 1267 Dpto 10', 2914128136, 'leogilardi6@gmail.com', 20357952858, '8535e86c8118bbbb0a18ac72d15d3a2b37b18d1bce1611fc60165f322cf57386'),
(3, 36704824, 'fede', 'Undinao 69', 4545, 'effwefwe', 11511515151515, '5d942a1d73fd8f28d71e6b03d2e42f44721db94b734c2edcfe6fcd48b76a74f9\r\n');

-- --------------------------------------------------------

--
-- Estructura de tabla para la tabla `facturaciones`
--

CREATE TABLE IF NOT EXISTS `facturaciones` (
  `id` int(11) NOT NULL,
  `fecha` date NOT NULL,
  `hora` time NOT NULL,
  `total_facturado` float unsigned NOT NULL,
  `id_mesa` int(10) unsigned NOT NULL,
  `id_cajero` int(10) unsigned NOT NULL,
  `id_mozo` int(10) unsigned NOT NULL
) ENGINE=InnoDB DEFAULT CHARSET=latin1;

-- --------------------------------------------------------

--
-- Estructura de tabla para la tabla `fecha_cuadricula`
--

CREATE TABLE IF NOT EXISTS `fecha_cuadricula` (
  `id` int(11) NOT NULL
) ENGINE=InnoDB DEFAULT CHARSET=latin1;

-- --------------------------------------------------------

--
-- Estructura de tabla para la tabla `imagenes`
--

CREATE TABLE IF NOT EXISTS `imagenes` (
  `id` int(10) unsigned NOT NULL,
  `imagen` mediumblob NOT NULL
) ENGINE=InnoDB AUTO_INCREMENT=3 DEFAULT CHARSET=latin1;

--
-- Volcado de datos para la tabla `imagenes`
--

INSERT INTO `imagenes` (`id`, `imagen`) VALUES
(1, 0x89504e470d0a1a0a0000000d4948445200000069000000630802000000177bb90b000000017352474200aece1ce90000000467414d410000b18f0bfc6105000000097048597300000ec300000ec301c76fa86400001d6f49444154785eeddaf7935ed77ddff1fc03194d263f387662279399c44e44911209b0c7163d1133f18cc69248896205c062478d5114bac61349344d99452ce8850409524425411224daa29745075177b1ed79f6d9671bd1cb2e80057681cdeb3edfc5f1136049038b45b18defdcb938f7dc73cffd9ef7f97cbfe7dc07fbcf7aafd940ed1abb81db256477aa64a74f9feebb2e594f4f8f73797d348bb2cab3ead3e5556897437778757777073516441294723a67d5a7f2d569979c5d2028e715e7b092b6fe4e5ca5265735af72bbb4314b6bce7179f2e4c9c3870fefddbb37091026e58095ce51f8076197901d0aa12976ecd8b14f3ffd3497cbd5d6d61e3f7e5c08473d3bab715c8695ee5fbd282f2dbb289c3871a2bdbd1db5bababae6e66697496e4cb9abababa3a3833093484bd0fa2c6aae42bbb4311b85a3478f160a85eaea6ae0602a27a24d6767274936353569468f515fdee6aab54bae3b679ac2aea6a666f7eedd5103599005ebc081038d8d8dc81e39728424b327afb14b833f74e8906815b330051416b7e441e06015d411c8e916b8ca2a23394665d404f72b6e97905d32bab34a002436c5ac1a0892ee5a5a5adc12b38948ba1b65679767d55c0d7669d9c538f10268d7ae5d2297f4e25652d3fefdfbebebeb1b1a1a20a62935899433611e3c781074cd4474d4b3ab81e0a5659710d8d68959d6dada6a3d8dca200519d109ea62b16803983d56327404bbe505f4aaaaaab4cec4dd78f6cada256717a305289fcfa3e0bc6fdfbe848f519335043b465f098a36405b43109713718c7a1d86c5e515b44b1eb331c8d8e2a1233c811086511f70adb062564e242e3be7d2a3bd0ab13a7b10fa68effc4f62ad4874a24c38586087a0f094c8d25d64d5b88b20ac51192b8c9ab6b6b6f2300f7379c5ed72b00b16605931b060f0c9fd21a268295ad5efdcb953fc46a5dc275a55d269ecfbd2ce5983e8f3cadae5582b183aca70d09d941729cc874452d09e3d7bac18ea9d436556066dd4689fd610fdb06870c5ed92e7bbf202e949ff22312297d622bbb96b0189c544ca0b7d61a74c77da8748533ffff863369901c798437a11861601b02435f530614a62e903434be20237529ecad05af413e72b6e97831d1069b4321764b168e0120b2e82c0111da6e0aa213d4f112370b1b6e0ebf1ab845ad8255f2b5862e74c53d4045f04a3b2bb22174a35b25ee82bc256a862cab04bd1ed7c95d82564078ab3d1a64204636767277dc55ecfca1b77494c60c6c68569a9bd3537d889e8586a83dd5542f072b38b7ac8806374172008cdb29ba068039635571b94e9319e8d0651bee276f9d8a51a8685b08dece6b29c4b7a8a3c23aeb13bebc7ab7f3c7b9463a77b2527633a7deac4e9ee63bda74f3894ad9f8e533df25437cd0514a713a74e6b7fec647767d78993a77b6173e9ac8943939eee133d3d273b3a0ed7e7eaaa76ed3cbca7d0d571b057ced4e8d469afe93d71b2b73bc34dade5dc9dd327dd6759b40c534ed339001b04765da77abb7a4ef51852afa3fbe4c92e0707bb4e9f7604174cba4e9c3aded573b4f344e7d1e3478f751de9387ae8704747e7318503070f3b3a3a8e1e39d2e9ae1ae703473a0a2dad4dad6d1d5d9d1053dab1eedee33dd9bb32e4a733852610e544ceb5c448212cea5979f9426d10d879b9e3644f37401926d47ab2411eede93d74fcd4c1ceaedd7b0e140ac5e6c6c2a7c5e2fef6f63dc5c2dee6a64f0b798782637753a3737363be31dfd054c817b2686e14b0b5b5f585a6e6aa7c7d6d534b75ae7d57a13dd7bebbb0676fcbfeced6832704752cc7990fa56d8d584e3204ab1c6e98cbb0beeb8bb341c977062096b27fa8e3c8f1eeb6bd070b2ded8df575c586867d2d4dbbf375856d1b76552e5a3367da92691317bf3972c16b2fcd9df08243a162f22b4ba68c5af1ceb80d0b666e5c386bdbb28f76adadc86d5ad9b86d5d6bf596434d756d85ed6d8db5ba6a29343615eb1a9aeb6b9b5b37d564ab8dbd8bd526b6847dbe5c461b0c76a7baba4f1e8bb0a2b262dbee6c482dcd476ad6ef58387df6a89f8df9d311af3cf9edf17f72ffa43fbd7fc24fee19f5e8efbff8e01dcf7df7d6e7efbf2d8e171eb8fd970fddf9ccc3773e3becab2f3cfedf5ef9c137463d79efe81f7f77fc538f4c786ac4ac577e3277ecd36b674cae5df6416ee3dcc65d2b7df8d6e55a68d38283a0553b76ce84d6ef3282ac5b7d17836783c1ee7496daad00fb8f1c23b7d6a64271d7b6ed2be6bff1d4b79e1ff65ffeefb76e18f783bb97befafd86f79fddb76cecee8a57de78fcf6b10f7ec53169f8cd8e098f0c19f7d08d2ec70cfbca98e143463d3264d4c3b7bcfce0cdcf7f7be8d35fbffec93b7eebe19bfef9a3437ee3c75fbdeea7dfbc6de4937f3073e48fd7574c3bd89afd24039c85d8c6d012810e82478e1cb128db54ef2d9982d00e70e78630bb18c10e46beb3b65a1c7b7b5bf71c30983d8db59f2c98f9dc8fbe3b72d890171eb861ec13b76f9efcd491ca491deb5eefd830b96dc9ab6fffe8aeb1c3878c7ce8cbe3460c4d879a71c3ae9ff4d89009c36f1a3fe2d6498ffdeec447ef7af1db37ff70e8af7de74b5f78f0ba7f35fc8bbff9c75ff9f59f7de3777ef6e0577ef1837bd67e30bdaaaa0a38db9d43870e61d4d6d6663f18db1a161b439754e9cb0f561b46397110a37b70f21d77acb6a2b5aeba6a7fc3f60db327fcd9b76e1d39ecc65747dcf4e6fffa5ac387cf766e7eab69f1c8a6e563f24b46cf79fa81c94fde3df2d1db5f1d71db4b8fdcfcf2b05b463d76c7e8c7ef1cf9d0f5e346dc34f2e19b463f72ebf8c7ee9af8c4ddcfdf7bfb882ffe8b7b6ffa770fdcf83bf7fdc77f3bfcba5f7be1811b7ffa9dfffcd43787ae9efadaf2e5cbb76ddb26df012778abababc1422dce3e9923a27d9604441f2df00de2be7a70d8759feae93cd1d3d4b687a3fb0b359be64cf9f36fffde2f1fb9f1e5e143a6fec51f62776cf3944f578c6d5e3ab26dc598b615e3f6ad7d3d37ef9753fff29e67effff2e8c7ee18f7d81d6347dc36ea911bc78eb865fca3778e19febb2fde77eb5fdd7dddf786fee6c3ffe95f3ef2e55f1f76dd177e74f3179ebbe7b79fb9f7ba9fdc73f3b85ffcf9ba55cb56ac58b176ed5aeac3082c74f0a232eaf331478681afa66452b006a23b749796e38b91e1a0b03b79ea54b74d49b17d6ff5aeda3dcdb9a62dab3e18fb37af3c76e7cfeffdd233f75dfff173c35a16be2c668f6e78e3e0ea097b968dee583769efb2910b7ef1d0e81143e4b831c36e9a307ce898c7efa0c167eebdfecfeefe0fdfbbfddf3c3ef45f3f31f4b7fef8b67fffbfbff6a5bfbef7d667be33e4afef1b32f27f7ef383497fbb76e97cd42a2b2b972e5dba66cd9a40835747470765050ed94d99d6d22f8334a8992fbfb85bf2fca26c30d8f5c877d936bffde0919db539cbdfde967cd3ce4d9b67bc3cebd91f3c33ecf77ffadd5b46fff0bfcf7bf18feadfffdb83ab27ee5f3eb6bde2959deffcc5d43ff98317efbffe95076f90fbe01bffc4cde31ebf65d4f0a12fdc77c3d3dff8e2d3dfb8c1123c72c45dcf3cf05f5ffca33f9cf2f3ef2f78e38535f3a6552e9db7842daf5cb972e5bc79f356af5edddcdc8c5af90a5bae261213d429fd411cbbc2c077a57577b2b3f7b42d4a6f47574f43f3eeaa3a5faa4d62e750e3ae7d755b731b16affb70cafba37f3ef967ff63d2ff7974f25f8d98f6cce3afffe503affee8eb3f7df036585f78ecab8ee71ffdbd6787ddfadca377fcf289bb5efeded746fdf0eb363433ffe6fb1fbffcd4a6f7a7d4572e68a9debc7563e5ead52b57ad5eb3b06269c5c26544c708aafc3b2c8231718902018a56e0a41411ed526539c181d960b03be5a335db5ef165dfe1a3358566eadbd550a8cf73d77eb6a5a5d0d496af6fa9dd51acdad452bdb166cd82aa557377acf868f3e277372d9af5c992591b164edb307feaa6e573b263e5bcad6b2aaa37adcceddcd8da50b5c7deb8a66a7f6bb3b89bb774c5ecb98b96af5ab77a65e5fae5ab62adb086f67951a270168b000422e96127ba85c5d5c4aed75271b2bb3b73e864f7a9bd070fe58aad35b942aebd6367c3ee1df56d358ded85d6ddb67eb5750dbb6a6b8a85a6ec686a2c34e60a8dbeba1a8acdf9e696c6e6e6a662b1e0a0d996b6d6624b33fdd634e48ac596bafac6b55bb62f5eb36ee5da8d2b57ae5e3a77c1ea0515329d688da023b7501c8323ed45024db08b3557df174f2d6c10d8f191b7f0895cc7c913470f1cd8d7dcda529f6fadaecdd7e58ab5f9625d637654d7e7ebb36f824640d4d737161b9a5a72cdcd0dc562553e57cce70a0df5bee4720d75f95cbd6fdb58406b6a73451f615bb72da858284837acc1afb2b26229d1a53f16482002593298a8cc861932ba63f17356dc3dabf185da20b02bfda8c1ba056f6ff751c7f1ce83ed6dc562ae365f5bdddcd890cfd53634d4e51a1b6a7230e4ebeb0a8df9965cbe58df5020ab9abccfddc2ce5c83fa86fa265873f96664e3a8cf67d19acf37ac5bbb6ae5b28ad52b162f5db0a072d9aaadebb7d98244f439277d81458001c5ea01aecd73fce79c5e3c927e9a66a9e5c0ec02d89dfb1a3561a91cf59ce6b149b6b4657bfdba7a47be21b7abaaba280e9b9ab2df491ab342946354857ca343e06a29a0153ca550629717a18b162db2a7b3bcca749a5353bc14386720a2c00134e541c83c285419677ca2598e23b44bcf0d9c5ad885b163fc0b3bebdd7c32e7f12b90c2e1c387e1e3aeb3f13be4382c10c1cbaa67db2507396b639008e6ea1bc0adaba9adf721503a43b977f71eb77c33ac5fbf7ee7ce9d90edd8b103478fc44e2d5e1d8e292ba06623a2a5996314675b17ed3f6b1f3330bba898f57ac6a1a0d9575b3297f199d9dadc0244d58e9ddbb66cddbe751b22c0d9f44bf399d60a16876c606a6aaa776d5cbfc12664dd9ab595ab563ba06c6b6995d7ac8ff62211779b376f5eb870a133dd7951f8a0c00db9ccc4686c4d60e486bb8fb6f839e02c0f2fde0621df250b8ee285ee4c32649f6cdabcb672cdfab5eb8070a6bbf6d636fadafac916f56b56573a9082559ca2ecbc61dd7a8d1174aedd55b3bb3dfbef6d99deb797689d3f7ffec71f7f3c7bf6ec65cb96c12d79d9dc7917233798220388d0a0569edd9225dc1769171cb3cc044621ea5d424665a28fbbf1c3863276d02c5bb274d58a958e1ddbb6032778d159b97cc5f2a5cbb27deeca550a2e5562fa695b7bf5ce2ad4b4776be7f61d7447a7c0d1dabbefbe3b7dfaf41933664c9b36ada2a282b2e85a72708e0f5867efa53e95f1ab5478c8a29c9c8fca8bb40b6057ee0ac34b2cc0c46926fa4cb8903100ae4b6440183c59012118b33d5db128554143747184f460828f30494f424caaf4f89e4f778b412a836ce6cc99efbdf71ed161f7d1471f89e56cd371e60ff7f860dabc572cc74fa10ca65879d36539b8b32e2fd42e3866bd2c4232cb65adad818ceba8292bf01e3b0294e90d3ea4474dea2520ec900a5e14e70889396b262db6149b25be6840aa6276fbf6edd8111d7cecfdf7df4770eedcb96bd7ae5db76e9d5bfab42690a7b0052e665439adaaac1c5f14d8c5806317c62e16505ec214995b5a5136e7a82923286a0c800444a8fcb569c3469a128f7296d1ae5a95496cc5b2e5ce04188c1cca14ba79e326d213d734e816e2d86dddbad5ee64d6ac59818ffade79e71df854daac606709c62e966f6f8f4046103b85f29f0932999de17591e0583fecd20b62b7a110d11a44b80899e84bcb2540529b714af994822055a6bbb614d4011cc41b366ca8acac0ca141938e4870b06a192a56b095b3b6ea073bc90e32ec029f987df3cd37b1f399019c3577d3a64d1a7b8b50409f78f7efdd7770ff013e13208e205a3762382cb63551889a0158ffba2bcfac0a11a478310363084a34365c99df1b3692890c1544c092f22472c28c854f1be03c22b88c1626ba8b83fa1c1ef4b86514322d59fc3c078737ca6bf3e6cdc3cb42e13c75ead4b7de7a6bc28409d8056ea6678fa02c2dc898642e63983c1a14bfa14149c33252bef2a6010ecc3e935d74aa77e0ac591417a3c2827fa8996a1ef33ea8457677b6266a6c37bb71e346ed0d1e4d4f1144c46c80d65890c6b368921ea1a1a09947f48c9d4e8cdfe3568658619d0910bbf1e3c72f5ebc3890adb6a559b972c992250a70679f220d39fb1b81ecbd9001c7cca89e4d67f94ac2a23c00fbcc7c179d7a8d79a3fc6c13d0d2da98cb8b4d5929b6af69fc0a56d23878cf5d048d247ef3a14110459ff812b65978968ea04677b168183f1044ad31282ead12864a77d68788d9380bd8b163c74a76f80638dc253e971ee18395dad94c789d403604311b3b679d2bc88017a3b8b07ed825c5d9e55250bc1b3e93691db4110b7da146418ec0170507991830825bb66c89dd03779db1235574842a6a012e041b4a347241e775521ecaf0517710a7b8582bb06393264d9a3871225e320082b4ecd94f3ef9844ecd59f49fad4595959ec5cb02623a4377fa17c8a2982c2e12df67b23333de67d8217bf9ce1792d416c3c608c418731400c582182133604f111d5f95b9cb2209d282c783bec6d19b71daa0a0201b8859f44191ce244a3d1094200d76ce56d8b7df7edbd7054c78791dad7924161971ca1f7dea5cbdc9e380b914fba6538e56a6415210c5f0a5d56300d60fbb8856b04232bc37755e59cc37566fdfb191be56576ec0eecc11020c760a420c26e6d9785c3f7a50082e4b162d5e387fc1bc8fe73a3e9ef3d107b36dd8667ff8fe07e4835dec4860c2cbc783014b76b21b5e6a7ef5ab5f45d683cce0459fc84047cfcc8b109455b66cfe24fb762efd7d1fd101879af8f59449f51476b17d31cc18f500ac7f764cef46ce219e19807038b8775f736301be2d1b3705c1f5956b14f0f2dd4a920e414d5cb1b4090d3d9879e00c0335ea2346a9eda30fe7cc9c3e63d68c99efce9ce598fbd1c7b8c76f1ef1ed25305f7bedb53973e6d00e522fbdf4127ca3468d1a3d7ab4809d32650ad1c5c821b00b71161c4879f5a10307ed4e1c9c0fc5010a5c2cc7a6567d808b67fb867de1d6ff5a216c4d8ea17aab89123b5e1c01c51b442000142666b6d5ab919e9435603c338623870edb2b585b621f237fd7d7666b9f91cb44723cadc5d62cf4022b0dce7ef73d64df9cfcc69c0f3ef48da166c2b8f1e3c78e1b3b7acca857472a804e562695ba4344a68a796994e38c2cd1f1d02b62ddb0b02873c083b1efd38645a85da8f5cfce8e51ef11ad48892339deeb2383601a49842970c559a59611e602c4257007f6ed6fa8ab874c444b400e65d450064b4bfd7b9c242922821738f18b0e76efcd7a57fb19d3a64f1c3fc1316ecc58f826bff6babbd2a509100dd4ca4f8c8828f03140d508e79854bb25f3c4ff58ca4d15f7384faaa1d9f2ac171ccf8766ffec2c141c4a2cb868d22c5b5e6cdec8de68716406c080e00d4783201c1e8f75393634d849e1cad427f7c7ae425e13a1929a8fd32c4ea7cf000e41076a6fbd39e5f549afbd3de5add7264e1a3d7214b961a70638319ea5d7d2f21a82b26870c34b633d15a731eb991bf93c8729ce9c39336ec7d0588817f4b4e66609ab6471f939d67fbec32e10040b5af33e8337db69852522673b29cd58ac06ce619e128346e8a09d588eb1b3027a442716d605f3e64b7cb486146aceca910445ab4bd28b681d336ab40270d3a74ef3947539b4ec88952a442d90e37769165ec58cd2a629a73e730f3794dc8b361a2810e90016dcfed9e948a7d1b5b3f9c9bec0b6ef90b6c25dae5b1fec5aa4335317226511892e3d25b5c5f0e217500583346ce734072a17572c420abb101d70f0095b077c0ebca6feea1d91abc1fcb9f36cdf3c153311fdc44aa5acc6e70416a1a92860c72baaa4d0d09d14c44977d56b4019741abf1784dcce4774ac7f762c367741014105df15c250f2e69f0f0c339cfd30d99afd72a74d7813670e650fe6f2a188d09d01c75aac60c00e058736ce882c5dbcc4f6c5ae25c910474aac58b070d1c20a77b3ed6ee9e716870ea3ab90bf4b05ec4c985787039c495ec1845d84b918e270d46b19030c7611b9cee783afff7cc7ac3e7a67bae607c3c2a72264adcd2d900147747535d95f294403a6cc218f640e159b49d5c062a881895ee250139b6408082744a4c6a68fee021f760ab0bae5d938d2e3a644414d1074695ebd941bde1e11501a41e61e469688d84bdb30443d2b799ddd0d7611b929f77dbe7d263bbde8348160fbf6ecb5edd8bf775ffc8f17941ccd7ee92d45075f893ffc089fdc453609cd2083a041867614dc0d64061f776d9bb173604774a298dc348b96a1bb10b20276ce9e82debbe22f0e88283923609dc31f6b824aa60153936eb17276e7233ad67fcc3adba658bfbd03b59840498118f5ae3e00397bab06e181730972a6530ff29b79d6322d4f0b1616bf7c3085b0b81450ce3ecbe6cd9be7abcbc743fa86ed6b778e59a99d4989a0104914800bdf98b7bb0c0f63536514ea5d328d95ddb59b49ece217bdf3f95daf1f76e9b1f4d353e81f0e5b277a3e71e284ddbb694c64c30997e1961af5c6a31035563adb1ae38c6d6a9062061f0535b61a0ab62f3631be679da104489262727c42afb10d878d5b7c8a784b80885747211ce0b94baedaf1d9889875f8d468964c1bc93d469d32dd00f35d79a624342f8b1770084a35a608beb4054dbc9842406451e392ebb14d8df1d818e368b183921ee36b899d4bc72de6ab464b1b0b6ba58f042bbe7ebc088264de922cdeee7524e6bd78f199c3e8f8deb02b48de86e9cdf6f83c735cb9f59fef74147d8198f0316f0522f0757575291c3b768c433e5df9c46f0dc2330e198033f338cae636e2c5d9c01434332568c2217fc7479eb29aa88c42f4c94a2e6416ddea3fdea8ac1fa6e0ae77090b531bff7bcb4f869d323f81d6cc530aa55e9b38133f261bf2f98b8ef5cfcec3e51d513b645ec63f67cea1c6d47b6b4044d00c73ce54a3a319e39911a2e69198807216619a41c0a29069a604255d9670f54565d6ae54192a6681cc5d95f1910093a995b9d204f39371439b681fbe459f4097072c0bddfcbdd67fcc46213a52d035463c8bc17b5f8a85f0cf9426d332dcc5915bca6a048551451c85dfba8a91278bc1447d5820f3144b40531b05976ee9d9bb4c9e1785beb814f85ca679d5323dc8143c6e505ac678590c99f55d7faefd3df92e0aa5de32f5c96ede0a1f27bc159a70378cc72e59788f78985b9e35007114289d953d1eb1ac5b564ea7dc82a0fa909bf792305ee6a3bccfd2c46533a7c6eb92032abdc5537ad0158b0276fad1d200cb832ca92f1bffe75aff31eb95b1d3094b1da937e0503ee381519973c3e03477994298c6a81918ff5c96c365eacbc7ec5634504e0d50d0b3c7536316ed59d4c483a9738d95a341d4eb04b898efa4560597c418e3d28cb70a461aec52f07d8ef5cfee734cbf44ce2133cf03d99d13f4e21256f5cc1862a3a4650c32ccc05806a0cc629cacbc1c0647b2a88947587987dee8ec527d3ca52632acdca26c023819c802a25b34cbbdf3d1d767d905b04baf097cdce51fe7b2b83ab32b26499586110360e5a30acb067d46442c2ea35958df8d92699ffa09eb6b74a64f92e10cf346351ac47a25ba4506524417e2e59b4bcbb79cab43b37b31e0d805b02bcf83cc65ac6552155f498f5b20ca5f0418f98b9791c8cf0dbd4c4bff7f9ca65b6119e6732c9e0a8bde989ebdd17ba9093253c80d2a4b33aa32726b244a8fc4102e1fbb73cdbb59ccbcd1f24f0671e6a21936edfc8e6089340f65d044d6480268c25422d667511316a414d41b76c850c4e92178e93c30959270df8f6081cf8caa31a90ad11b57c379732fab5c0cbe81b00b64ec2c2532de18a12185d32cc28429044a950a696cc988b7dcb2a5f78cb9441c260188be69601ed1830ef5163d47875032af8b5caca50781360169055038d7f90bb581b3ebbb2859b812e5582258e8c2988dd690c00a5e31b618b91ac36369fcc9a23d8b5bc9fa6e971e71d6403fa92b95e6a9743fbb855a5a13622565e5de9e35900bb28b8ad9b0708bf5eb877a136e00c191706284e57a0c25068230649395f3ca589eb1b3d83165351e814cea1001f249c294acdccf2bc3ce5bcbadafb654cf5dc8ccb6735f6dc9e2961546de415330862463d858849528fd9d051796013ba353d6d7ba14fe02535ccbb6baf5a2b48626c7626abd3dd528b3280fcc06417703b684b214e2270ddbea61fcb1c948a90d1ae02016e92e55ba45599a1197d5c3b389c8e5b42bc6ce68c3e0238a5068794d62aa10a632934a493bccada8890e9972f47379ec0ab08b91f75d9cb1736b066683d5cff9d8d5c28e457db2beda338929196585f55d97acbcfd65b32bc3aeaf747156229c0578b2a8e9bb7de9ed4aae15c962cc9f657d8d3ed7fa9a96acafead2db55a1bb818d79008f0cae5d45f9ee422d525eeacd392237ee5e06bb2a62f61fa85d633770bbc66ee0768dddc0ed1abb81db357603b76bec066ed7d80ddcaeb11ba8f5f6fe3f38ad4f70dde3df350000000049454e44ae426082),
(2, 0x89504e470d0a1a0a0000000d4948445200000055000000620802000000aee80818000000017352474200aece1ce90000000467414d410000b18f0bfc6105000000097048597300000ec300000ec301c76fa86400002a6a49444154785eed7c07785465baff49420745d75dddb50b82f4d089084851b0b0a062d975d7bac5d5555791de3b22202825407aef99f484107a8710208424d332c9a44da6cf9c39bdbcf7fd66a2ebf55e7da289fcef73efff7dde6772a69ef37bdbf77bbfef3ba1e0ffb6fc7ffcffb7a573f8151fc8204b2029bc0aac02b2228322812ae35b002a88bca0c81c00cff34e7c0411884a80dfc20fa8aadafe3baa1754fc98ff3d55544150c0a7805701113fc80330c0716093c106920874fb97ba443a855f45d80818918024ab821f0fcb71268f53af880c829478904584cb8b0a2b29a208ec37caa30a6abbfaada5e0d7f1fba88adf00bcac084a8b041ec1ff141fd1c4001ca07dba4e3a1bffe47241564111f1022599a52b8f1d5fbeedeb8752b25f341813015ad1ab3c272324f424b97c95f8f3db0820df25d1426328290aad280ca882df1ce43dc043991ca0896554f0a9180a5d09bf73f8f1c25125e21b10317e65b5c198b562f5af377f7ed7aab5bf8e4f78c5d27412b1f01ecc0884e0209182e9216368b8416e01b91e241d4835401f07df0960504f01731eb80a106b403202db026223c856900555f25b41c54043eb7599740abfe4f72a4632e297fd6e6b6dccdfb0f9fe0387eedabcb5cfb6ad034f1cdee0c72002e754391dc83b405a27f1ef73ccf35e7aa4db73a7cb4d39dc94c71944bb4358ba1be3edee7577f7bafa309ebb78e65ed6f7a2c0fd5511b683781c440f9e4996317c98f6d377857436fe4960ab6807050b1346a62cd49e3bbf7ee3da5f7fb573c0ceadf724443fe8712e0078c6cb0ef230bfe5dcc1ac2b847786088eee92a397ece803cedbc1d51f6c1438297011559d946c232ad9289f9b62bc3d39dfef787ea6ccef05c98221c0f9b3a3aba473f83157fdc989a98f43808247c0b26c5dc4d7e3766d7964fbba3ef10729abf90199e9cfbb28c51b0cb66eed6a0d015bd0bfd5da075a7ac88d217213bed50b9cbdc1d103ecc1f831d91accd929da4b09fc4b2056e099385215ba4c3a875fa63101c898478a328b5180c7b2081597e6effdaa474234557bed36e01f90ed2152330516c44f1175a0b743c0d90d1c218aa31b2a5fdfc7591ddc7c856aada47cf53dc1de0f5cbd657b10b452d07cbbdad24b74fc0a7c1f83d088f869d0b79fbd2ba473f98fc8c990ae2ab2889929e391ea9595c3d07287d2dc5369a3c07bbbe4a204044cf757ed98de2192bb17b4f55374fde46bb7c917fb31277bbb4a42b8ec9e723e25e4517c697f454b819d82d63b498cb829d115e4730d60e877152107643b66bfe46d3f7b9748a7f09364041f310088fe24c08828577dc532fbb6ea460c94eceec120180c78cfafbde84c6d2fe15a307b81f29d0af294529e428a29a1b8528a2dbadb57d8cb9bdb973ddb13eafbcad63ebc83925d7d78ef00d9b700b8432054915823d54654085fe832e9247e642c343e4a819accb682f477d5f91eabec01ee5570f5c42207ae10680891b594b32a442eede6c9a51cf994fb30e53e42d1c729f93c059728ee26459787b8cef767b594eaed21f38ff1ec930affb6c025827c11d9018e2f38c6b22062bdc111a70ba553f831e6056038e479881f992bbb47607bcab6ee1ef6cfc01d00fa3dcc6da80b91af5074696fcfe13e6261b0af88e2cff652aafb8b867eb2b937587a416b37c54381bb9f62eb2b3aee027e1c88ebc167c2519390053f59426a4d23fb5190067012b80367ef12e99cff91990243ae111dc49d117c6124d531e0853e8aeb1f40c7292daf5bcf52b4e676a5e80ea69052cf76e3cf8548557da0f5d7e0bc036b8140077134c5db293481eca0044bb0e0a638f661c1b71bf866844f221e0474bb7f78c578f3a96a53e0ec5d229dc54f863ccc03de2af8fec03829b5b53f587f43ea96fe76a976116ff8da75e935aeac079c0d82ba6e70ad9fe734653b41b19558d8fb82a33b8e8bac9782a67bc8b860c59211022d7d591cf3e829c09d46d0fe16098b0b43063e55f4dba32b33a0d3f8d12fb20bf86daceb36a18d52ed3d58737fa6a29ba78c729ee84b5f5b046dfbd4a6398dd77ae96f3e603dd3d77ebab7b594729651eaf51ed0d8074ba34a7747aa8359a3b4f6000bb102e7a418660c8865a0045a23d25d89b220c91cf268d22e749d740abf0a0e427bf9eb0a3cc4e16867bd1fbc548b96721fed4717f6e1ca28beb22fd0cb7d5c64e1b1396b37f43f934a59cfddcb5db8d75610642fa67c9729bebe9be4eccd7094e01dcc3b1e11ac77cace3b25cf0cc19baec8bc823da0849d03724b01bb0cac33a43d966e39ffe3b1eea260878b7f31171546040b3a9f3465022d73ef9118b67507432ffe0c451fa65cc77b369ec1a8be5dbd4e09277f05ba357537220ea4bfba61db43b1f11467fd15738d628e76a30bbab90b28ee4488b59602f63d908f71a0f301c76277a45841aa0bf4cf7e1548b1c54e1003005947d74987f04b52807272c873d0e938e6496a1b62c7fe9f17b27cbed158f6547d88f76488ad20d85bdad75741b96b28b5a9af54decd57d6dd553ea459f7c9e5cb2949692feffbfaa1a39a6ed076875449798ff5c00fb7e551b6b2bb55d300d5f507d5771dad8ad5de2b012d8213240f19f7c9344b607a048d8ee7ed42e9107e320e216c928d38ce23dbf14a8a5b266c87f6f07fa65d3dc112a2560635e552e6028abd4ea90df7a8eeded04631a7bbb9f3439c972857e3a4aaf24d9515d109d173776ee8d7547b07d09462e82e5eb95dbcdc4fadba033f8c2d904abf01ca65191c0cb0c8ab48ee637f218124a822b617d867e2257425fde960fefb293ee621997e40f728121999d01d8cd6cb0e14b0756bbd0baa43ec6729e78d1eaaeb6e704d92bcfde556f4702fafa6977a93c2ac2e3f73cfe9133b6baea647ee9f161fdd93f6dca5f8b06484204d1490203afa0aad1463ed2eb95780504bfa6ac22ab0ddc51a4b2e015fc0d8c3e68fcc2b759d740c3ffadacff590f0caaa4058092684e803e61fbcebb784e7a3b650a2ad17f07380cb027686d7dad767e8e13d7c075f180c3a6c04826de6a0c8f88955d723abaec4edda31fcf4c93080a79c764a70f6f2b928c9de57c1ca6fa7447e16703abf936de4d464d047dbfb3b0d321e921393d7bb483ae87f021daf048bb0a488380c83202ae27970dd25e015b785206911b81e202c06d14c4ce39ec67bba3306ca95df5d3a1c02d5488a8281f94d59f9c02ff73f70e562e4d58be1a9717f62ec29206ef67afea4d842e5b6bb90ffb0ce07586e2927ea391cf1806e02c5424a8042da6c720584fcffbfe0ff98fefea91e01585ee10823958c0cbf19498bdcfa20e7ebc9ab0f8b6c14f80813c63221db4600d753aaa73cc51457703b7b3958b406f1eedeadde7fa564cdd8b96bc4b58bfb2a2f1dacbc92020c02bb026c11f8be066687c2c483e0c214235d5533c14d120e8f59720d785a7caf8dd8a2cba443f831f16515834f66c1c393b96a1c864e3bd905600f91edf78acc7ce02f62542a2a2baacd329804db1de0e9a7d651f2891e74f6afacd8e7b8c8640ea8f4c5f35f6edb3a302a7a68d5b56d17cec57af94a1ecb1d483ec2ea154c2915073f56ef3977a23efc94b820c1fdfc81a6d9bbcd0bf6b52ecaf0c65d922bac60bde5f841121505c73c868c3dc4f9e50af791d7731fd3f827953e08504f8a1349104c0cac571ced1ac1d0580e28c5d45fd6f5944d58207f0bf62780710a60de7b6046f8a67e49b1934f976f6faa3b034e81512509335c04e6accdf7d939ef6ff778a835e69015666a6913b5bc2578656bc8aa466a19aaa3f706e1375f4a2bcfc17996241a7a421418912553e73f6b5da063f81117963d1008e7212668003e56a23f40c602a025fc087b7f056dc428322793cc1daddaee2245d112046d77d234e550863ae508fc254680cb55c5cbb70ed9b1e791fd5f4fd2e95219c0080030d08677a3eaee59d8d0e3c3fabb97d313f6ddb8675973d00a54c46fe9b61a1fd11668087baff5376f5f7cf2be4fcd0bb3a0d28d26f0605e488284fcf0a74bc7f0a3a515b4b088d9ed0f011ec47a8c79ac8a81c509ff99d14898a93846e2dfa322ffb48f0e66bc213ea1a70ba6ba4083efc96025431a58e373feb876dd6f377f39f566c311f2ca85a6abf7be27057d0493bf6e5badf11dd7c399b6e6c539ad216b9a835635512b5b8257078e1ba915a8b69095566aa131e89fba27b633c937f0b4983c4da448fc64e968fd43fc0853c04c40d0ed51409a32acc5ed6627c5191b5509891aaa00ad0a9c03f122784c60af82e6225eaff155ad152b77b0b51b24dda70d6716f9a041b480b8eea227e2847cf0bc6fef1938da64ab68b2d758c4934dceadc710368247c0f888e0bfd57a6ab9d07f0717b4ae85fac4f0f01a71cf252c93d69f55173b86dfbf3685f845b2fe46f8776054c6b6c4ef764e1259516c5fe421018085db6be51a8f31553bb98bff544ecf168a87fbd247b2a9039c05a196b42172d154b8b2024e1cab7b37e34caf25d2ce5268f632768fa7ac9acdaaa5379f8117d36db72d0a781e1531074c8051d0d67d9d855aa1a79636f6dcc8deb6d34c7ddc3a6c8b9c74addd0d3f513a86df1f0084effb97ba301148d4ab2cf662a0b0a0b845896e0f0a9e018709ae84cb67dfe48b9ee1d2a70959f78919f7f269a3f9acd190369c2f190f05d3e88c0990f95ccbf861967e2f2b1f1e91aa5ccd570d7c9b9b2fac2e1f8a656f6133b5b8a12fba7db52564bdb5fbc6d6e075788cda4cad69095a0bfdb6dba8b555d48a9aeeeb686a9d3768d1b56777e0b8fc33a443f8db9163e74d40120bb4f702c4e6c41c841ea28de83a551bcf9ff984cb1ec8640ce6727f23160d524adf52ce2e546e7caad47cc99d7bdf933385cf7b9c2f9acdaf18d9d6bbb7f2c4bfe08253286d858355d61579de5d6785373375b72d69eeb7d64c2d47b488bfaddb06c41c408e8f666aa591fad849ad72f5fadcd46d83875acb528b2e0d582a9cf5f3c59f281dc24f2a9c4a70fac1fa3b107c94b133c7fa4716fe5079cecb3768d8d32f3059bd5d79f7f165cf291736293507a4b67d8a2f8df715ba3d098c275d2e9ec9140c603453af0feb51dd77281c3863bad1c6e75b0d53c30ddd3e15dfcc65232b9937331cc1cb5cd4faef620ec4023ec563439fc5b61eab5ba955f8161dbcc94d2d29bfed2375e3b9f6cbfd29d2d1fc0f3ca0fa335f522516d910a9883243c61da4e735fba1780a9736d0553486bef40e1837823349f1148b8e12b0e540532418b643f5fb1ecd24facc74e9f34996a0bea6b16fb88f1bdce7db94770a4edcb3a699dacc501bb93773e8880afadd5c1cea5cd41a5db735166ab39dfadc1cbcd61eb2ce487da6efbed4492da77138c08ad01d6db4b23178c5d5ee9fc20bb95e64872e0709d6c00a3a5e17c6a580befa41e960fe63f62b48c903f849ff27f3a425276621c1a0b82add67dff7658d643413c5f3afab560dd8b3a13559adddc9942ff29c7bdb76627e4bd953eebc59dee45174d954efead18d21b75b667ec09d377297cdead3f10db7ad6a0a5eeba6d6b7f45adef656a6e7cb0aef5ff2eb7a7f660e5e6c0e5ed34aad71046f3453ab1dd45a57f0a646ac0ec1cb4d412b6cbdb73453ab5ba815b53d164973d2eb15d05b1da475f0af45a092e9c31f9d2fea287ed91fedfe5f43824342015dee16300ff02c56b12eca9a3fc59b3e80ce9d01573f93b80bb2254bae5c271f5920e64ce03443bd79c35cc5a3a4ec30d08c134ba779968c35f7ba9b9ef3111ca980e3158ec7b698a80fddd45a67d06644d8d077b5e34f9974e4f5e657936cdd96d871cc0f598b050fa16216b8a92d480d75212b4cd44a6b77b4c52afca2b9e74ac7dcf4535e38dbe87093e5782c4872fb88d079fc7e9fe3af10e5450ebb31743aad820ea051c596c8eca9584de78d8582e14c769850f692af61b3f7fa074cd9b352ce68c81c04594321779c5a344dce1f07796384c2c9bea5e3aba9bed5fdc36ae6fda3f2a9d7aff579d718f2a98fdaea0cda65eefe394fadb1775fecf8731a1cd47b9f4bb377c3fc5f86e5d0d673839610e1356d216bb11638a875cdd43a73c83a366893bec70add7b85696d906774b6901562c2d63008082f4607fdb074083f097b7f24e18f0a128fd5ce21438dcd1b55d794a0731ead387729f56d6bd2682809e373c740e128eec824ba70b42f67a8903b5cc91f0db91394dcc7959c29b6dca174f620a96802ec78d2fcebbbeba9810d7784e9ba0dae0f7ecd16f2a92de48b86a0cf75d4625bbfa5b5d4df1aee5a2aac296e093faf9bf195ade792fa9045b5414b5aba6d70535bedd41a86dac4515bcd219b8cb76d6da1561fe9b3e8d4d71591cd90aaf33492061543143b113ffe1f737fc7f06320613811862773a2aa604baa758925379af6d699a24c9073e54671f49fae1f0835a54c6ec90c85922190350ab2478bb9639882f14cd104ae68a258385ece1feb3c1626178f82d2f14acc932d610f5ba9073dd4302735c8d56d8e2bf84d43ef45976f5f78a9ffdb476e7b2effde0579bff943eae099f5bb622d8947aecf5875f3cef76ef6feb099c2e2b71ecb8135647353c8e6ca3e5b2ef6db70226871cc98ad7967ac079b2045eb36b3043f5640f416b9eccee327ec87ecede2486f0fe094e16a9b5850654ba96b48ae87d48b152991bf2fda372a3f62c689c4192d9ac942ce0cb578967a783a5b38c19b1beacb1fc3174ce0f2c73b8b9e80ec114ac1634cc114c7c2c72df70e6ea01ed2f57cec5cefc7caef9f9577cfac8c41cfc43e323179c0e8030f8dfa7cc4a443831f8b183cead2ee1dbad4b4532f7e54f4bb7967eefae3f9dbdeaceab9e6e29d1b8b6e5f5b76e7c6bc9ecb931e5a97b0fe58a20522f062aa1d665f20fe113fa63ee227e5e087a443f8793ff925734faa8059d5c6c1351b1c37ab17adae4233c41d3f1a7de8494ddcc4e8b897a20fbd50b277dab5d8f18dd9937dc5617c41289f334ccc9f24e4cff26ae67045332175a49cf580f7fc5431e995d6b071e5c1f79ffeedf0d8410f6e1e74cffad10f6d1c71df9ed087bf1e79dfce2177ef1bf348e4a383bf1e32e4cb89630f476c3c9bb32ff5b5057b1f1dbdff91f1277aaf4c7f60e357bf5b917ddf96d45e4be29e3e5470d6b3df0311063eb5d2d2e025151ae35f26eb26d28fcf9777083f5a92f47d022f4b0206bf8e16ab9c4ab5034c0e67a5074a6e9c888d7836277c6a76f4828488d939d153f2f78795454cbe9434d59035c356f024573c452d9e04c5e3b992496ae608481b0c85631c879f3cb97bdcc179f7ec1ed27fd790e17b060f8f183034fee121898f3c163370d0c1818fec1df4e09e51f7ef19f2f0aee123d74d78fcd8be3de7d21296cc7fe683d123968c9a1dfff0a6927e9b22bb7f18f77264e1614b820ea2ec52bc5189af612f39c8a411866a60c0222dcb0fcb4fc12ff28a2cd2dfc1af757a6eb270b4a62225f6f59cfd937262e6a4443c5d10335313f194e6d08cfc83538e1c9c743672dcd5b8b1ba94f1f569139a35b31c5933dcd9d36ab32617a44c38b46fd2ae651376bc3d6e77e8e05d431fdd35f0915d03077e3564c417a342d7868e5a123af2afa3077c34ecd11543472f1d3a71d9e4a7af27a65c8c895d36f7d98f863cb2b2ef13310f6cd5bc7f32fb54638215e29b21b1ca8af8e3aa99f356c587b8fdfb11097e3251ff83d221fcc48048fe65117fd0a5428d57aa7643ad43adf4f86ef0704adb909dba2c3b7c4c51cca49cc859855173d2a2e7a6453d9b7ee8e98cf0e99af0a9688892c8278e443d51ba6fea898859c591b376ef1efdf74d03dedc36f283ed53feb936ec9fff0cfddb1f07bd35f3de7742effe60c8fd0b070f5e363474e5d0091f8e9ff0af61a1ab864c58f2e088cf068e58337dd6a5a8032763f6af7d61e2aad7a76962cfe7952bd1163adc0907b5bebc5a57429d1a7bd377aa9927f8c966143f7eccdd1f960ed63f1200840301b48a50e526f86becca559f7cd507a7b5cedcfc88a4f0894531c34ba266e685cf46f09951cf65c7ccd5c43e9f13fb7c76f49cecc8d999879eca3d305b133b7fdf81399f7e31e9b54da1afee98f8d6de296fef98f042de8c9792a6beba63fc1f3f19f1e79707bd336d007afeefc306bc3f72e0076307be33e6bef7a60f7c73fafd7f9af7e87b1f4c2d3c1f7ef842ccb2c2f77699cad2ed7262ad33bd0e126a2053e741fc18ffc71a7cfe6ef41bfcc8d47e583a849f143f996cbdc04030d1e235a750e301ad5daaa0e572a778d6c4e79f3e752862be26627859cc0ccdfed9b991b3503511fe4488782a2bf2a9ac88a7d104d9513392e266afdef5f85f378efbebb627ded93afedd2da3def97cf85ccda81773c6be9ef5f83ba9d3fe12f3e4db7b9f7c6bfb943f6f99fcf7c5a3df5e39ea95f5435edc36e48d8889af4587bd9933f7bd936fa43852222c873ebf169b607064e920fe2abbef0277b0d281f19fa8e58fd6d301ffa3bf08ffef7cfc93990e825f65016e3a992b3616f1eb6cd255977ccdce9d6d9635374c0733d6a71c9a76386a8ae6c0338591d30b229ecc3b3835e7e0148cffec83d3b01ca0450aa2a6c6c7cffcec8bd077d68ff8785bd807eb43ffbe79c8fb7b42ff901bfaaa66e4829c512fe68d79b168e24b2561f30e87cd2d0a7ba3e4c917346316148c79397fccab85135e2a787c7656d80ccdb4bfe5cecd6f3878bab93ccf0ce137c54d476b176b4c6baf5aa36af9249d80f8b1fe61fe77197e1c4b03f8f1772bdabc17dbfcf8ed22a60012a1936d4cb2d19b70e1646ac25bb907276445cc41cf632140c079514fa1e2410ebe1231f370f8f4c4d8a717ee1cfdd69691ef6d1dfb97cda3de3930ee8df4c9f3356330049ed38c7c4e337c6eceb0793943e7663e3a377dc0339a610b8ac73d9736f4e59c717333268c091f36e08bc71efa62c473092317e6fcfe74cbb52a9610be4dc78d9f14dadf3fd3b8ffba27809fcc04aa02d67f92079dcf7f5201152401aa0fe0728be78285a9f582de26d6bba081560eb7d8a3eac51c932b3b7755c681b1e98766a51e9c9d76684e7ac4ecaca867b2a266fb23ff694c84b2af672745ff7ed1d793dfd83ee6cf9f8ff9e3ae317fc89cfa4ce9f497d2c62fc89cf84aee845772c7bfac19f572d6f03f6a86bd91336241fec4b9e9a35f2d99f174ce94070f8de8be7d08b56d4cf017618f248d9c533222b136cf6c816a07bdf9b4f5bd227ee191a6dd976d18ff65266f007f97d53fa491a4e5c1565f85336d5266b3504983a58536595583832977f8346688ae8594cae6eca28d897b1ec9882098f322671744cc402d8c9c591039333f7ad6893dd3f20fcedcba65dcbb1b46be1b13f6a626f485cc812fe68c7aa170ccf3d923e7e78d79a568c20b9ad0f999c35ece0d7d2d6fccdb29535fcf99f07ce19861c9a3fa7d359edafa04b5651cb573f8a87dc3e6e63eb15d5f74d42234d270a24e5c5d66fa5751d3da7231b65638dfe86131e4c96c1599ad93c842ed0f4a87f093294db2f786e03f6793d2cccc25173459f99b56a8b573379cccb13639b50e926a9ce9170f6714aed71c9a9373e8a98283330bc3a716ee9f52b07f4a5ef8b4dcf0e951fb46a7a6bfb527fdef7f8b78e2a5f8875e2b1cfa7271d8b399935ecd9efab2266c41def80505a1f30b86bd5430fc95c250d4d70b1e5f501236393bb4ff578f52eb43a9cdd343b63e11f2f9f09989c3df3afac6deea0b5946baa8913d6386629db8fe54ddea0bae781d73dd25629e92d827ee57643223fd83d251fcfec92f162d59e196d3eadc6878bd1390fcd5b824a34bb8e1924adb9414139b58634faaa84fcff94372dabcc484d989313312a3a727c53f9d92fa7c72c6fc43451b33cb8b53aacf2d3dbef6b9d451cfe43efc42e9c43959535f4b1bfe5acee8f939a14f678c9a9e39fe29cdd4d959339f4e7f2a2c63c4c3110ff6dbfd70f0ceb1c1db67856c99d96be3d8bbbf1c312f65d0e2535fc4ea5ad29bc443356cc215ee9459c831babfb8624da86eabf112928a11d04efc3bef7faca264e3bdc2e38fd6d26aa6d19953efbbe2802a46d43905b34d36b9e0aa47396c9532ea214d0bf95a73fad51aec8bd2cf5f4e3d5f9e517e23bbcaa8a96948ae72a6eaf9b46665b7b6f2ddc38b9ecd1cfefb82075e2e1afe6af6e0d7f2274e4f0e7be8cbd0fe9b47f6df32b6ffd651fdb78ce8b37320b57520b57d7cd0973383bf981ebc6ec43d3b064ecb18bf2071c4ce4b4752cc90d1a61eba2a2d2d68dc73a5e17c33e4d47385dad67a0fcf93119b98c02f9daeff38822005f2dfe4034d9c5a6872a4e85c875ba1cae3d0da1853ab6ab282ce0315b474deae9eb340462bc4e921560789c84c8c106782f8068836418a11e2754abc498e33b3db2bcfbc5ffaf1ab59c31764fe6a9ee6d179f98f8f8f9f71fbd6c9d4ea09d48671d4b6a1dd760fa2364deaf1e5ec901dcf50abc751eb1fbb6fcfa049898fcdcb0ffdf8e887097a6b060e7e376cdb4f7b3f2db17f56668cab60ae3aa1aac5e7c336cdef79120264eea6d3f8fd04c83fd5a5824784b3ad74b2d6996c94ae3a3db52ec568075d1bd438a41a37a377d3f55eb6c426a71a3cf13a4f529d10ade750638c6c448d27d9e44d3470f15a3ed928a7d5ab072bb5cb4b77bd9d31f7c5c2dfcc2b7e6c6ae6f807c3c3fa6c9b1cb47932b5398cda323e68dd1341eba606af99d067f3b02151c3a7678ec562f14aceecbda60b496688af143795993e39d2b8f2b87b55a17de5e9b6cb4d6293174b157a8c6c93227f517ff47e910ee2c7628a69246124603759ed1133eb9828ad5464562ed8e1865bad72614724dd74085a276df67aaff9a0b8de97a1f3a56243a29513f562469d90a1f7a2d3707c4aaa565191b466354294debaedd2a9bf14ce7f2d7bd69cd44913e3460e0e1f7eefeed1bfdaf178ffad4fdeb179d85d5b863eba67e4d4b431f30a47ff3e73e26bd96fadb9121d59a7eebae6dc7ca26e5589f5e3e2fa1587cd1b8adc9f5fb515eb9c4d384ce105e3e02fb0889f98a00bc67f892c7b0938040864ceb75980c266f990560ebf2267d74b679dbeebb4af86819b6eb8e190b55ee1aa472aa87326d5d2f17510a15362f5529a4948d7b9538c02f293740324e9e4c89b966853637c0b1dd90099267957f9d9c5c737bc73e4d9f945839fca7be8c99c619333c74ecb9af04cc194178b27bd98f7e84b9a875fcd9ab9f0f89e04ab7bdb69585956fb7ef1951565c286e2b6258555ab4a1d29358edc3a4f837faf049995268445c644f0ef50fd41e9187e142ca6684c0c048574d77a9fe7a85e9ba085f85a74af90d3249e72c175865447ac88b9f572b651c8d0b1a93a265d2fa41bc5348390aa17e34cbef87a21c124c519e468ad10a9654976d47149d590a183d45a39a6aa65f79563ab4e6eff6bce2b736386cfc70122f7d17959a1f39267feb560f1ceaa5307b48e8dc7ac4b33eb96e6b72d2d717f5ae45a58605977a435a2dc91a7e718861184c06d784408fff9e6f887a463f54f2554d21f4c64f65b00722b97d6e9ca364a29b56ccc4d575c8d27c5c8e4998512b3586a12d20c5c8a8e4bacf12554d3d890a1625b1e7dd317a76312747ca24e4ed2438a1e303b528d728a898fab9392ea211919043970c6356af7184b375c8b5e746cedb2539bd75ddcfb659526ca74234267fbfc947b719675f509c7f213ce45c75c9f1eb12e3bdab2eb925563f49d77028247ca1fc0dc11f0281dc2cfab6446a91dbf4848359614d20bb8e0648ba031b8e2abed91d5cea85a16cb7ba201d0bd18f3313a110f3005124c106b82682324eba564bd92a45513912c6ad554ad98a6e333f5dca1465f54031f6f521374809a88e385598dac63339a3dc9f5f6189d25b1814e6b85bd95c2cac3d6c5f9f64f8e983f2d6bfcec58f3ead3cd5f555835f51eecc49bfc9803171c008f1278fa23d221fc2c59f9f6ff163e88fe9975b48642769cb4ca50e5154f587cb9f5de649d17fd1c53e58bd6727e15d00a71468835a8d13aac1762422d97a013d046b17a25b6568aabe5e26b7d5826a21ad808ad3b41cba4570be9d7c5b44a35e50624a1d642a216e26af11720b61ebeba29af3de3587cb4797171cd9ae3c62f2f5b1275de636d829695ed644fc6bfeb7c479007a463fe277778f8c752743df1beecdf8f8cb410ff903d4b56158c8252e9162f5bd8b34decf126f6582353d6e83bd2e02bada70b8c9e1cad23abda9a5ceb8aaf754769e948031f6912a3eb454cfe18a32fb501622b1d855acf9516516b57f40eb8de2a97b7ca85b56a6e8daad1427a8d9a582d2568d16ac29e0a677a8db3c8c45cb0819e03bb42362190f644f404aef67be07fdc161dcbff80aa64dd8f3cc71f243b2265825d66d00a328e0efe95c06f153937d661546c19bd0ab844d92688979ce2d15626a3ce15ad771e32f8224d029a20c6c4a7e9d5cc1bee6b56c94356d8d1c0220f9c0f381740230306a778bdd577c1e4a8b070d55eb8e1527090b34a80237dbbc7c97d281c7e8344bc5f022f07e47b4fbf271dc34f267e087e5e2693c9c88614b207d46f02859845920451e4c936e9c01e0199234a56c9fc1fc36ff815cd611100fb9392465fa2de1d8303a49e70a1f85a6faec1d528908faa12c613ad90bd8448b7190938343399c926fb80d1eaaa4876e2613ce2693022035bc325322ce1b3ef40f5dbe1c79007a463f87932ece38f090a9906e1c9666472d78f28a8e48afc0141d43f4b882002a7460da40b5e1bd930826fb12c5ea547856a1a4a1ab8d49bde949b6c965e8936b4e5373ab08061d4088c17ed8ddfc5a65b20bb8dc8af919bc803e7f01bd3bf0d198b4f606324790f2d8d2f7d2bf8153262b5b7803f261dc2df5582aec3cb41307855568f5056dd9a78938e3442b45e2c3279fce98b19e6c78c7623e1f38bcb2dc5efbf53981032c4efe6940b26574ab537b28ee02fac73fb6febfa5f8d9fb4d1fe83407857db850cad27d240f017185d2ef29ef20d7eb280e3ffec2f2bb71abfdff76425011f5b79c8d5d3517efcf906b7838c2de876ff6c131e926de6bfb8dc52fc18de8242a8041255848a098fec2046afa0e6ea9c3682f77f3b7e5e26d3513c4fea36c6f7e916016932e2478264259d0b59ae46f0a4c6935aff8bcbadc5af8a01ff235900d987c3f865bb14abe510bfa6d66ee1fc5b0cff57e317103f863e21549207b9f335b7f27f083fb234c484ca0b3e59f621dbb9e40064f5312631bbce5bc7fad35e44e228628efcacedfc3f596e297e99943fbf674592ff88ffbc5589ab11a28c7cbaceadf312f648ca82c089d22d19fd6e357e020a435b56050629bc5b85d316315ecb45e8b9e46afb353bd95946e811fec5c69204c32f2eb736fec94e0a9180e719cc72eced4a1b994403135b2f27ebdce72d9c33305787d501a380277ded2f2db7d6ff20115647660c482f58e99473ebe838ad3bc22046d7ba0beb3db58c1298bfc612a0faef00fda5e596e2e71489dcbda79256b05982e3163555c7445cb7ad3f6bdf7ca6757f794b6933a3e3c181042960855f5e6e297e1f61bd18e2924b814b3635d3449606f6975b3e2eb02c2c6a5e73cc1c5b4b1f6913ae38f816814c6fdc02b9b5fe275e55b00b34bad95c9d3ba6864fa883f072dba252feb352ef8a638e3d37b8449d2fa3aae59cd9a977fd8fe7bfdf4e33b43ff7bf828f58bf709cf3df0be513c047ca9eaa80a022e137f270b2554c339009d2a85a36bada155b65fdb4b4f9b3d29625479ad69eb0ecaea0d128a92635ae9a3d5acf563a541b960df2db2c486ef2bfd3c8364cf23c30ad824ac812214e3fc75e5d803f30e51e90c0eb4864f072b0d483cc13caaf2a58caec0a5c6e711daf7765e95c715a5fac5e4aa89353ebf87403bdfe9c7bf9b1d645c50d4b4bead79f6cdd79d97da08a8fd22a49b58cc6c81c6ff2d5b80427f9ff4a8441914930f25f3088d1f17cfe8cf2134772c69f2c9dc58f8226f8ee01bece002ba311648c00bc36a025a8f6aac72c3ecd4d4b5ab523a19a2653e34639d924a718b934bd77cf0d61fd29cbe22203e25f7eb4696969d392c38dcbcb5a971f6bde78d6b2fd426bcc75fba916d9e0016760794f21936f643b1a59e12293918199959f215d80bffdc9374f5144d5adf8c31e0b7d1b03d76c72619d2fbeca461685f402d9a56984b83a25c1202468e9a41a675203ecbb4e6f38d1bcbcb41e91632e2c3a6a5d72c2f5afc3d6c5c7dd0b4bad2b8e5af65df569f4ecb966cef8cd7f40f44f47f344fdb7a69069939f2e5d50ff1070fbd1b722f1989376152a69b9d8ec4db9e948a9a2336bfdfb731179400d32e24f36b0c9065f92414a344ae137984d672c8b4a4c9f14372e3c62f9eca87d69897b69a9e7a302ebc252fbf66b62b45e4c35788b9a190b23a175492090dcc7b427536ad859fbcffdd3a40bf07f5b02da9ffb2fa79186531626dd4c479b9818039faa93b2750a62262b623a295e2fc4e9b8783d9f60e092ea84d89bbe549392d60011350226ffc633f665479a3fca332cc96b5a56d4baacc4b2fea4637fb51c6d94a375be38bdebb0b6e5868d41b2484c80994fb22050107eb2740d7e94c0311a82e3b86b2e38621292aadcd1354c5c3d24360296ba582d8bc19fa41392f438c8b1095a064d10a3e3d1ab692629ad4e4113a4d4ab49f5f86138542deeb94a6f3ad7f6c525c79e0a77e4754f522d9752cb2655fb926b98c42a6b698357ebc116da7feac0fcffcf922ec0ff5d6159d6e17044de74c7543309356a522dc4de042ce6e1c8f39ab8846a4f722d9daaa3d3f43eac7c894611ab60549d9a6ce063aae8a84a4f5c2db151bc960fec11096f94a2cd42723d9b53c79418b92375f2d106386e869c3628b1a8571ca295238bb1644420eb23edd7f093a4b3f831f0d00381e0c70374bec7e3d1da38549d9d373845a34b3279947aaf8a6af532369ab5fb3807c33b59c1c5896e5e426da399ff56795140152451944985c324c7d3fc9762d329e92c7ec4fcdde4c7639e27dbcf03caf817685091f9a1625514901705da40ff44484003effe57c5fa1ed000f8ff71f803ce47f916ff37827d7ebbaae45ffeb66b00c37fd500aa8e6b174a97e5ff7f3601a7aaecb74afe2f845f315cdad55fb4db4bb72261f1fe6fb5fdc77e49e94afcdfc6c2777df55dfd37feefebb7a9f03dfdc5a553f8bf17f904b95f026d09eab738d095a8e4c6e1ff4ebf1b0edfd57f1bf43f4bfbf9ba42ba12ffb78263d2f734e0ff1fd21f925f1c3fc07f00d4660666352f9ee90000000049454e44ae426082);

-- --------------------------------------------------------

--
-- Estructura de tabla para la tabla `info_carta`
--

CREATE TABLE IF NOT EXISTS `info_carta` (
  `id` int(10) unsigned NOT NULL,
  `id_carta` int(10) unsigned NOT NULL,
  `id_seccion` int(10) unsigned NOT NULL,
  `id_producto` int(10) unsigned NOT NULL,
  `id_lista_precio` int(10) unsigned NOT NULL
) ENGINE=InnoDB AUTO_INCREMENT=15 DEFAULT CHARSET=latin1;

--
-- Volcado de datos para la tabla `info_carta`
--

INSERT INTO `info_carta` (`id`, `id_carta`, `id_seccion`, `id_producto`, `id_lista_precio`) VALUES
(1, 1, 1, 2, 1),
(2, 1, 2, 3, 1),
(5, 1, 2, 4, 2),
(6, 1, 2, 6, 1),
(7, 2, 2, 11, 2),
(9, 1, 1, 12, 1),
(10, 2, 1, 10, 1),
(11, 1, 1, 8, 1),
(12, 1, 1, 9, 1),
(13, 1, 1, 5, 1),
(14, 1, 1, 7, 1);

-- --------------------------------------------------------

--
-- Estructura de tabla para la tabla `info_cuadriculas_base`
--

CREATE TABLE IF NOT EXISTS `info_cuadriculas_base` (
  `id` int(11) NOT NULL,
  `pos_x` tinyint(3) unsigned NOT NULL,
  `pos_y` tinyint(3) unsigned NOT NULL,
  `piso` tinyint(3) unsigned NOT NULL,
  `contenido` tinyint(3) unsigned NOT NULL,
  `id_cuadricula_base` tinyint(3) unsigned NOT NULL
) ENGINE=InnoDB DEFAULT CHARSET=latin1;

-- --------------------------------------------------------

--
-- Estructura de tabla para la tabla `info_cuadriculas_fecha`
--

CREATE TABLE IF NOT EXISTS `info_cuadriculas_fecha` (
  `id` int(11) NOT NULL,
  `pos_x` tinyint(3) unsigned NOT NULL,
  `pos_y` tinyint(3) unsigned NOT NULL,
  `contenido` tinyint(3) unsigned NOT NULL,
  `id_fecha` int(10) unsigned NOT NULL
) ENGINE=InnoDB DEFAULT CHARSET=latin1;

-- --------------------------------------------------------

--
-- Estructura de tabla para la tabla `info_lista_precio`
--

CREATE TABLE IF NOT EXISTS `info_lista_precio` (
  `id` int(10) unsigned NOT NULL,
  `id_producto` int(10) unsigned NOT NULL,
  `id_lista_precio` int(10) unsigned NOT NULL,
  `precio` float NOT NULL
) ENGINE=InnoDB AUTO_INCREMENT=13 DEFAULT CHARSET=latin1;

--
-- Volcado de datos para la tabla `info_lista_precio`
--

INSERT INTO `info_lista_precio` (`id`, `id_producto`, `id_lista_precio`, `precio`) VALUES
(1, 2, 1, 15),
(2, 3, 1, 25),
(3, 4, 2, 2),
(4, 5, 1, 5),
(5, 6, 1, 8),
(6, 7, 1, 10),
(7, 8, 1, 5),
(8, 9, 1, 10),
(9, 10, 1, 5),
(10, 11, 2, 45),
(11, 12, 2, 45),
(12, 12, 1, 15);

-- --------------------------------------------------------

--
-- Estructura de tabla para la tabla `info_pedidos`
--

CREATE TABLE IF NOT EXISTS `info_pedidos` (
  `id` int(10) unsigned NOT NULL,
  `id_mesa` int(10) unsigned NOT NULL,
  `id_producto` int(10) unsigned NOT NULL,
  `id_lista_precio` int(10) unsigned NOT NULL,
  `id_pedidor` int(10) unsigned NOT NULL,
  `fecha` date NOT NULL,
  `hora` time NOT NULL
) ENGINE=InnoDB DEFAULT CHARSET=latin1;

-- --------------------------------------------------------

--
-- Estructura de tabla para la tabla `info_promociones`
--

CREATE TABLE IF NOT EXISTS `info_promociones` (
  `id` int(10) unsigned NOT NULL,
  `id_promocion` int(10) unsigned NOT NULL,
  `id_producto` int(10) unsigned NOT NULL
) ENGINE=InnoDB AUTO_INCREMENT=7 DEFAULT CHARSET=latin1;

--
-- Volcado de datos para la tabla `info_promociones`
--

INSERT INTO `info_promociones` (`id`, `id_promocion`, `id_producto`) VALUES
(1, 3, 2),
(2, 3, 3),
(3, 3, 4),
(4, 4, 7),
(5, 4, 8),
(6, 5, 12);

-- --------------------------------------------------------

--
-- Estructura de tabla para la tabla `info_roles`
--

CREATE TABLE IF NOT EXISTS `info_roles` (
  `id` int(11) NOT NULL,
  `id_empleado` int(10) unsigned NOT NULL,
  `rol` int(10) unsigned NOT NULL
) ENGINE=InnoDB AUTO_INCREMENT=8 DEFAULT CHARSET=latin1;

--
-- Volcado de datos para la tabla `info_roles`
--

INSERT INTO `info_roles` (`id`, `id_empleado`, `rol`) VALUES
(4, 2, 4),
(5, 2, 5),
(6, 2, 6),
(7, 3, 1);

-- --------------------------------------------------------

--
-- Estructura de tabla para la tabla `lista_precio`
--

CREATE TABLE IF NOT EXISTS `lista_precio` (
  `id` int(10) unsigned NOT NULL,
  `nombre` tinytext NOT NULL,
  `fecha_modificacion` date NOT NULL,
  `creador` int(10) unsigned NOT NULL
) ENGINE=InnoDB AUTO_INCREMENT=3 DEFAULT CHARSET=latin1;

--
-- Volcado de datos para la tabla `lista_precio`
--

INSERT INTO `lista_precio` (`id`, `nombre`, `fecha_modificacion`, `creador`) VALUES
(1, 'Economica', '2016-02-17', 2),
(2, 'Cara', '2016-02-11', 2);

-- --------------------------------------------------------

--
-- Estructura de tabla para la tabla `mesas`
--

CREATE TABLE IF NOT EXISTS `mesas` (
  `id` int(10) unsigned NOT NULL,
  `numero` smallint(5) unsigned NOT NULL,
  `abierta` tinyint(1) NOT NULL DEFAULT '0',
  `id_mozo` int(10) unsigned NOT NULL
) ENGINE=InnoDB AUTO_INCREMENT=2 DEFAULT CHARSET=latin1;

--
-- Volcado de datos para la tabla `mesas`
--

INSERT INTO `mesas` (`id`, `numero`, `abierta`, `id_mozo`) VALUES
(1, 1, 1, 2);

-- --------------------------------------------------------

--
-- Estructura de tabla para la tabla `mesas_pedidores`
--

CREATE TABLE IF NOT EXISTS `mesas_pedidores` (
  `id_pedidor` text NOT NULL,
  `id_mesa` int(10) unsigned NOT NULL
) ENGINE=InnoDB DEFAULT CHARSET=latin1;

--
-- Volcado de datos para la tabla `mesas_pedidores`
--

INSERT INTO `mesas_pedidores` (`id_pedidor`, `id_mesa`) VALUES
('1HFA6D', 1),
('1HFA6D', 1);

-- --------------------------------------------------------

--
-- Estructura de tabla para la tabla `mesa_cuadricula`
--

CREATE TABLE IF NOT EXISTS `mesa_cuadricula` (
  `id` int(11) NOT NULL,
  `pos_x` tinyint(3) unsigned NOT NULL,
  `pos_y` tinyint(3) unsigned NOT NULL,
  `id_cuadricula` tinyint(3) unsigned NOT NULL,
  `piso` tinyint(3) unsigned NOT NULL
) ENGINE=InnoDB DEFAULT CHARSET=latin1;

-- --------------------------------------------------------

--
-- Estructura de tabla para la tabla `pedidores`
--

CREATE TABLE IF NOT EXISTS `pedidores` (
  `id` text NOT NULL,
  `nombre` tinytext NOT NULL
) ENGINE=InnoDB DEFAULT CHARSET=latin1;

--
-- Volcado de datos para la tabla `pedidores`
--

INSERT INTO `pedidores` (`id`, `nombre`) VALUES
('1HFA6D', 'fede');

-- --------------------------------------------------------

--
-- Estructura de tabla para la tabla `pedidos_procesados`
--

CREATE TABLE IF NOT EXISTS `pedidos_procesados` (
  `id` int(11) NOT NULL,
  `id_info_pedido` int(10) unsigned NOT NULL,
  `id_empleado` int(10) unsigned NOT NULL,
  `hora_salida` time NOT NULL
) ENGINE=InnoDB DEFAULT CHARSET=latin1;

-- --------------------------------------------------------

--
-- Estructura de tabla para la tabla `productos`
--

CREATE TABLE IF NOT EXISTS `productos` (
  `id` int(10) unsigned NOT NULL,
  `nombre` tinytext NOT NULL,
  `id_imagen` int(10) unsigned NOT NULL
) ENGINE=InnoDB AUTO_INCREMENT=13 DEFAULT CHARSET=latin1;

--
-- Volcado de datos para la tabla `productos`
--

INSERT INTO `productos` (`id`, `nombre`, `id_imagen`) VALUES
(2, 'Cafe', 1),
(3, 'Helado', 2),
(4, 'Coca cola', 1),
(5, 'Baggio', 2),
(6, 'Fanta', 2),
(7, 'Torta', 1),
(8, 'Co침ac', 1),
(9, 'Pastel de papa', 1),
(10, 'Noquis', 2),
(11, 'Sprite', 1),
(12, 'Pepsi', 1);

-- --------------------------------------------------------

--
-- Estructura de tabla para la tabla `promociones`
--

CREATE TABLE IF NOT EXISTS `promociones` (
  `id` int(10) unsigned NOT NULL,
  `id_carta` int(10) unsigned NOT NULL,
  `nombre` tinytext NOT NULL,
  `precio` float unsigned NOT NULL
) ENGINE=InnoDB AUTO_INCREMENT=6 DEFAULT CHARSET=latin1;

--
-- Volcado de datos para la tabla `promociones`
--

INSERT INTO `promociones` (`id`, `id_carta`, `nombre`, `precio`) VALUES
(3, 1, 'Promocion 1', 256.3),
(4, 1, 'Promocion 2', 25),
(5, 2, 'Promocion 3', 56);

-- --------------------------------------------------------

--
-- Estructura de tabla para la tabla `reservas`
--

CREATE TABLE IF NOT EXISTS `reservas` (
  `id` int(11) NOT NULL,
  `fecha` date NOT NULL,
  `a_nombre_de` tinytext NOT NULL,
  `hora` time NOT NULL,
  `mesa_cuadricula` tinyint(4) NOT NULL
) ENGINE=InnoDB DEFAULT CHARSET=latin1;

-- --------------------------------------------------------

--
-- Estructura de tabla para la tabla `restricciones_dia`
--

CREATE TABLE IF NOT EXISTS `restricciones_dia` (
  `id` int(10) unsigned NOT NULL,
  `1` tinyint(1) NOT NULL DEFAULT '0',
  `2` tinyint(1) NOT NULL DEFAULT '0',
  `3` tinyint(1) NOT NULL DEFAULT '0',
  `4` tinyint(1) NOT NULL DEFAULT '0',
  `5` tinyint(1) NOT NULL DEFAULT '0',
  `6` tinyint(1) NOT NULL DEFAULT '0',
  `0` tinyint(1) NOT NULL DEFAULT '0',
  `creador` int(10) unsigned NOT NULL
) ENGINE=InnoDB AUTO_INCREMENT=2 DEFAULT CHARSET=latin1;

--
-- Volcado de datos para la tabla `restricciones_dia`
--

INSERT INTO `restricciones_dia` (`id`, `1`, `2`, `3`, `4`, `5`, `6`, `0`, `creador`) VALUES
(1, 1, 1, 1, 1, 1, 1, 1, 2);

-- --------------------------------------------------------

--
-- Estructura de tabla para la tabla `restricciones_hora`
--

CREATE TABLE IF NOT EXISTS `restricciones_hora` (
  `id` int(10) unsigned NOT NULL,
  `0` tinyint(1) NOT NULL DEFAULT '0',
  `1` tinyint(1) NOT NULL DEFAULT '0',
  `2` tinyint(1) NOT NULL DEFAULT '0',
  `3` tinyint(1) NOT NULL DEFAULT '0',
  `4` tinyint(1) NOT NULL DEFAULT '0',
  `5` tinyint(1) NOT NULL DEFAULT '0',
  `6` tinyint(1) NOT NULL DEFAULT '0',
  `7` tinyint(1) NOT NULL DEFAULT '0',
  `8` tinyint(1) NOT NULL DEFAULT '0',
  `9` tinyint(1) NOT NULL DEFAULT '0',
  `10` tinyint(1) NOT NULL DEFAULT '0',
  `11` tinyint(1) NOT NULL DEFAULT '0',
  `12` tinyint(1) NOT NULL DEFAULT '0',
  `13` tinyint(1) NOT NULL DEFAULT '0',
  `14` tinyint(1) NOT NULL DEFAULT '0',
  `15` tinyint(1) NOT NULL DEFAULT '0',
  `16` tinyint(1) NOT NULL DEFAULT '0',
  `17` tinyint(1) NOT NULL DEFAULT '0',
  `18` tinyint(1) NOT NULL DEFAULT '0',
  `19` tinyint(1) NOT NULL DEFAULT '0',
  `20` tinyint(1) NOT NULL DEFAULT '0',
  `21` tinyint(1) NOT NULL DEFAULT '0',
  `22` tinyint(1) NOT NULL DEFAULT '0',
  `23` tinyint(1) NOT NULL DEFAULT '0',
  `creador` int(10) unsigned NOT NULL
) ENGINE=InnoDB AUTO_INCREMENT=3 DEFAULT CHARSET=latin1;

--
-- Volcado de datos para la tabla `restricciones_hora`
--

INSERT INTO `restricciones_hora` (`id`, `0`, `1`, `2`, `3`, `4`, `5`, `6`, `7`, `8`, `9`, `10`, `11`, `12`, `13`, `14`, `15`, `16`, `17`, `18`, `19`, `20`, `21`, `22`, `23`, `creador`) VALUES
(1, 1, 1, 1, 0, 1, 1, 1, 1, 0, 1, 1, 1, 1, 1, 1, 1, 1, 1, 1, 1, 1, 1, 1, 1, 2),
(2, 0, 0, 0, 1, 0, 0, 0, 0, 1, 0, 0, 0, 0, 0, 0, 0, 0, 0, 0, 0, 0, 0, 0, 0, 2);

-- --------------------------------------------------------

--
-- Estructura de tabla para la tabla `roles`
--

CREATE TABLE IF NOT EXISTS `roles` (
  `id` int(10) unsigned NOT NULL,
  `descripcion` tinytext NOT NULL
) ENGINE=InnoDB AUTO_INCREMENT=7 DEFAULT CHARSET=latin1;

--
-- Volcado de datos para la tabla `roles`
--

INSERT INTO `roles` (`id`, `descripcion`) VALUES
(1, 'Admin'),
(2, 'Cajero'),
(3, 'Gerente'),
(4, 'Mozo'),
(5, 'Cocinero'),
(6, 'Recepcionista');

-- --------------------------------------------------------

--
-- Estructura de tabla para la tabla `secciones`
--

CREATE TABLE IF NOT EXISTS `secciones` (
  `id` int(10) unsigned NOT NULL,
  `nombre` tinytext NOT NULL
) ENGINE=InnoDB AUTO_INCREMENT=3 DEFAULT CHARSET=latin1;

--
-- Volcado de datos para la tabla `secciones`
--

INSERT INTO `secciones` (`id`, `nombre`) VALUES
(1, 'Cafes'),
(2, 'Postres');

--
-- 칈ndices para tablas volcadas
--

--
-- Indices de la tabla `calificaciones`
--
ALTER TABLE `calificaciones`
  ADD PRIMARY KEY (`id`);

--
-- Indices de la tabla `cartas`
--
ALTER TABLE `cartas`
  ADD PRIMARY KEY (`id`);

--
-- Indices de la tabla `cuadriculas_base`
--
ALTER TABLE `cuadriculas_base`
  ADD PRIMARY KEY (`id`);

--
-- Indices de la tabla `empleados`
--
ALTER TABLE `empleados`
  ADD PRIMARY KEY (`id`);

--
-- Indices de la tabla `facturaciones`
--
ALTER TABLE `facturaciones`
  ADD PRIMARY KEY (`id`);

--
-- Indices de la tabla `fecha_cuadricula`
--
ALTER TABLE `fecha_cuadricula`
  ADD PRIMARY KEY (`id`);

--
-- Indices de la tabla `imagenes`
--
ALTER TABLE `imagenes`
  ADD PRIMARY KEY (`id`);

--
-- Indices de la tabla `info_carta`
--
ALTER TABLE `info_carta`
  ADD PRIMARY KEY (`id`);

--
-- Indices de la tabla `info_cuadriculas_base`
--
ALTER TABLE `info_cuadriculas_base`
  ADD PRIMARY KEY (`id`);

--
-- Indices de la tabla `info_cuadriculas_fecha`
--
ALTER TABLE `info_cuadriculas_fecha`
  ADD PRIMARY KEY (`id`);

--
-- Indices de la tabla `info_lista_precio`
--
ALTER TABLE `info_lista_precio`
  ADD PRIMARY KEY (`id`);

--
-- Indices de la tabla `info_pedidos`
--
ALTER TABLE `info_pedidos`
  ADD PRIMARY KEY (`id`);

--
-- Indices de la tabla `info_promociones`
--
ALTER TABLE `info_promociones`
  ADD PRIMARY KEY (`id`);

--
-- Indices de la tabla `info_roles`
--
ALTER TABLE `info_roles`
  ADD PRIMARY KEY (`id`), ADD KEY `id_empleado` (`id_empleado`), ADD KEY `id_empleado_2` (`id_empleado`);

--
-- Indices de la tabla `lista_precio`
--
ALTER TABLE `lista_precio`
  ADD PRIMARY KEY (`id`);

--
-- Indices de la tabla `mesas`
--
ALTER TABLE `mesas`
  ADD PRIMARY KEY (`id`);

--
-- Indices de la tabla `mesa_cuadricula`
--
ALTER TABLE `mesa_cuadricula`
  ADD PRIMARY KEY (`id`);

--
-- Indices de la tabla `pedidores`
--
ALTER TABLE `pedidores`
  ADD PRIMARY KEY (`id`(6));

--
-- Indices de la tabla `pedidos_procesados`
--
ALTER TABLE `pedidos_procesados`
  ADD PRIMARY KEY (`id`);

--
-- Indices de la tabla `productos`
--
ALTER TABLE `productos`
  ADD PRIMARY KEY (`id`);

--
-- Indices de la tabla `promociones`
--
ALTER TABLE `promociones`
  ADD PRIMARY KEY (`id`);

--
-- Indices de la tabla `reservas`
--
ALTER TABLE `reservas`
  ADD PRIMARY KEY (`id`);

--
-- Indices de la tabla `restricciones_dia`
--
ALTER TABLE `restricciones_dia`
  ADD PRIMARY KEY (`id`);

--
-- Indices de la tabla `restricciones_hora`
--
ALTER TABLE `restricciones_hora`
  ADD PRIMARY KEY (`id`);

--
-- Indices de la tabla `roles`
--
ALTER TABLE `roles`
  ADD PRIMARY KEY (`id`);

--
-- Indices de la tabla `secciones`
--
ALTER TABLE `secciones`
  ADD PRIMARY KEY (`id`);

--
-- AUTO_INCREMENT de las tablas volcadas
--

--
-- AUTO_INCREMENT de la tabla `calificaciones`
--
ALTER TABLE `calificaciones`
  MODIFY `id` int(11) NOT NULL AUTO_INCREMENT;
--
-- AUTO_INCREMENT de la tabla `cartas`
--
ALTER TABLE `cartas`
  MODIFY `id` int(10) unsigned NOT NULL AUTO_INCREMENT,AUTO_INCREMENT=3;
--
-- AUTO_INCREMENT de la tabla `cuadriculas_base`
--
ALTER TABLE `cuadriculas_base`
  MODIFY `id` int(11) NOT NULL AUTO_INCREMENT;
--
-- AUTO_INCREMENT de la tabla `empleados`
--
ALTER TABLE `empleados`
  MODIFY `id` int(10) unsigned NOT NULL AUTO_INCREMENT,AUTO_INCREMENT=4;
--
-- AUTO_INCREMENT de la tabla `facturaciones`
--
ALTER TABLE `facturaciones`
  MODIFY `id` int(11) NOT NULL AUTO_INCREMENT;
--
-- AUTO_INCREMENT de la tabla `fecha_cuadricula`
--
ALTER TABLE `fecha_cuadricula`
  MODIFY `id` int(11) NOT NULL AUTO_INCREMENT;
--
-- AUTO_INCREMENT de la tabla `imagenes`
--
ALTER TABLE `imagenes`
  MODIFY `id` int(10) unsigned NOT NULL AUTO_INCREMENT,AUTO_INCREMENT=3;
--
-- AUTO_INCREMENT de la tabla `info_carta`
--
ALTER TABLE `info_carta`
  MODIFY `id` int(10) unsigned NOT NULL AUTO_INCREMENT,AUTO_INCREMENT=15;
--
-- AUTO_INCREMENT de la tabla `info_cuadriculas_base`
--
ALTER TABLE `info_cuadriculas_base`
  MODIFY `id` int(11) NOT NULL AUTO_INCREMENT;
--
-- AUTO_INCREMENT de la tabla `info_cuadriculas_fecha`
--
ALTER TABLE `info_cuadriculas_fecha`
  MODIFY `id` int(11) NOT NULL AUTO_INCREMENT;
--
-- AUTO_INCREMENT de la tabla `info_lista_precio`
--
ALTER TABLE `info_lista_precio`
  MODIFY `id` int(10) unsigned NOT NULL AUTO_INCREMENT,AUTO_INCREMENT=13;
--
-- AUTO_INCREMENT de la tabla `info_pedidos`
--
ALTER TABLE `info_pedidos`
  MODIFY `id` int(10) unsigned NOT NULL AUTO_INCREMENT;
--
-- AUTO_INCREMENT de la tabla `info_promociones`
--
ALTER TABLE `info_promociones`
  MODIFY `id` int(10) unsigned NOT NULL AUTO_INCREMENT,AUTO_INCREMENT=7;
--
-- AUTO_INCREMENT de la tabla `info_roles`
--
ALTER TABLE `info_roles`
  MODIFY `id` int(11) NOT NULL AUTO_INCREMENT,AUTO_INCREMENT=8;
--
-- AUTO_INCREMENT de la tabla `lista_precio`
--
ALTER TABLE `lista_precio`
  MODIFY `id` int(10) unsigned NOT NULL AUTO_INCREMENT,AUTO_INCREMENT=3;
--
-- AUTO_INCREMENT de la tabla `mesas`
--
ALTER TABLE `mesas`
  MODIFY `id` int(10) unsigned NOT NULL AUTO_INCREMENT,AUTO_INCREMENT=2;
--
-- AUTO_INCREMENT de la tabla `mesa_cuadricula`
--
ALTER TABLE `mesa_cuadricula`
  MODIFY `id` int(11) NOT NULL AUTO_INCREMENT;
--
-- AUTO_INCREMENT de la tabla `pedidos_procesados`
--
ALTER TABLE `pedidos_procesados`
  MODIFY `id` int(11) NOT NULL AUTO_INCREMENT;
--
-- AUTO_INCREMENT de la tabla `productos`
--
ALTER TABLE `productos`
  MODIFY `id` int(10) unsigned NOT NULL AUTO_INCREMENT,AUTO_INCREMENT=13;
--
-- AUTO_INCREMENT de la tabla `promociones`
--
ALTER TABLE `promociones`
  MODIFY `id` int(10) unsigned NOT NULL AUTO_INCREMENT,AUTO_INCREMENT=6;
--
-- AUTO_INCREMENT de la tabla `reservas`
--
ALTER TABLE `reservas`
  MODIFY `id` int(11) NOT NULL AUTO_INCREMENT;
--
-- AUTO_INCREMENT de la tabla `restricciones_dia`
--
ALTER TABLE `restricciones_dia`
  MODIFY `id` int(10) unsigned NOT NULL AUTO_INCREMENT,AUTO_INCREMENT=2;
--
-- AUTO_INCREMENT de la tabla `restricciones_hora`
--
ALTER TABLE `restricciones_hora`
  MODIFY `id` int(10) unsigned NOT NULL AUTO_INCREMENT,AUTO_INCREMENT=3;
--
-- AUTO_INCREMENT de la tabla `roles`
--
ALTER TABLE `roles`
  MODIFY `id` int(10) unsigned NOT NULL AUTO_INCREMENT,AUTO_INCREMENT=7;
--
-- AUTO_INCREMENT de la tabla `secciones`
--
ALTER TABLE `secciones`
  MODIFY `id` int(10) unsigned NOT NULL AUTO_INCREMENT,AUTO_INCREMENT=3;
/*!40101 SET CHARACTER_SET_CLIENT=@OLD_CHARACTER_SET_CLIENT */;
/*!40101 SET CHARACTER_SET_RESULTS=@OLD_CHARACTER_SET_RESULTS */;
/*!40101 SET COLLATION_CONNECTION=@OLD_COLLATION_CONNECTION */;
